Feature,Coefficient
Rent Index,0.10389405876067671
Affordability Ratio,-1.745442948825012
Mortgage Rate (%),0.7240437697689566
Inflation Rate (%),-0.18111849455553708
GDP Growth (%),-0.7761669360763327
Population Growth (%),3.168440054610489
Urbanization Rate (%),-0.14512532842192205
Construction Index,-0.1674611869332756
